NDQ,GOLD
83.23514453829434,1.8702342234053884
