Trades,WinRate,AvgWin,AvgLoss
56,0.8035714285714286,0.15362431667769494,-0.04037329433270105
